[Header],,,,,,,,
IEMFileVersion,1,,,,,,,
Investigator Name,Singr and Ale,,,,,,,
Experiment Name,AgingShCh_AM_20180618,,,,,,,
Date,20180618,,,,,,,
Workflow,Ceto,,,,,,,
Application,NextSeq FASTQ Only,,,,,,,
Assay,TruSeq HT,,,,,,,
Description,RNAseq,,,,,,,
Chemistry,Amplicon,,,,,,,
,,,,,,,,
[Reads],,,,,,,,
,,,,,,,,
,,,,,,,,
,,,,,,,,
[Settings],,,,,,,,
Adapter,AGATCGGAAGAGCACACGTCTGAACTCCAGTCA,,,,,,,
AdapterRead2,AGATCGGAAGAGCGTCGTGTAGGGAAAGAGTGT,,,,,,,
[Data],,,,,,,,
Sample_ID,Sample_Name,Organism,I7_Index_ID,index,I5_Index_ID,index2,Sample_Project,Description
AgingChim001,SC01_T3_N_AMR_R1,mm10,D701,ATTACTCG,D501,AGGCTATA,20180618_aging_ShCh_AM_naive,RNA-seq
AgingChim002,SC02_T3_N_AMR_R2,mm10,D701,ATTACTCG,D502,GCCTCTAT,20180618_aging_ShCh_AM_naive,RNA-seq
AgingChim003,SC03_T3_N_AMR_R3,mm10,D701,ATTACTCG,D503,AGGATAGG,20180618_aging_ShCh_AM_naive,RNA-seq
AgingChim004,SC04_T3_N_AMR_R4,mm10,D701,ATTACTCG,D504,TCAGAGCC,20180618_aging_ShCh_AM_naive,RNA-seq
AgingChim005,SC05_T3_N_AMR_R5,mm10,D701,ATTACTCG,D505,CTTCGCCT,20180618_aging_ShCh_AM_naive,RNA-seq
AgingChim006,SC01_T3_N_AMD_R1,mm10,D701,ATTACTCG,D506,TAAGATTA,20180618_aging_ShCh_AM_naive,RNA-seq
AgingChim007,SC02_T3_N_AMD_R2,mm10,D701,ATTACTCG,D507,ACGTCCTG,20180618_aging_ShCh_AM_naive,RNA-seq
AgingChim008,SC03_T3_N_AMD_R3,mm10,D701,ATTACTCG,D508,GTCAGTAC,20180618_aging_ShCh_AM_naive,RNA-seq
AgingChim009,SC04_T3_N_AMD_R4,mm10,D702,TCCGGAGA,D501,AGGCTATA,20180618_aging_ShCh_AM_naive,RNA-seq
AgingChim010,SC05_T3_N_AMD_R5,mm10,D702,TCCGGAGA,D502,GCCTCTAT,20180618_aging_ShCh_AM_naive,RNA-seq
AgingChim011,SC06_T6_N_AMR_R1,mm10,D702,TCCGGAGA,D503,AGGATAGG,20180618_aging_ShCh_AM_naive,RNA-seq
AgingChim012,SC07_T6_N_AMR_R2,mm10,D702,TCCGGAGA,D504,TCAGAGCC,20180618_aging_ShCh_AM_naive,RNA-seq
AgingChim013,SC08_T6_N_AMR_R3,mm10,D702,TCCGGAGA,D505,CTTCGCCT,20180618_aging_ShCh_AM_naive,RNA-seq
AgingChim014,SC09_T6_N_AMR_R4,mm10,D702,TCCGGAGA,D506,TAAGATTA,20180618_aging_ShCh_AM_naive,RNA-seq
AgingChim015,SC10_T6_N_AMR_R5,mm10,D702,TCCGGAGA,D507,ACGTCCTG,20180618_aging_ShCh_AM_naive,RNA-seq
AgingChim016,SC06_T6_N_AMD_R1,mm10,D702,TCCGGAGA,D508,GTCAGTAC,20180618_aging_ShCh_AM_naive,RNA-seq
AgingChim017,SC07_T6_N_AMD_R2,mm10,D703,CGCTCATT,D501,AGGCTATA,20180618_aging_ShCh_AM_naive,RNA-seq
AgingChim018,SC08_T6_N_AMD_R3,mm10,D703,CGCTCATT,D502,GCCTCTAT,20180618_aging_ShCh_AM_naive,RNA-seq
AgingChim019,SC09_T6_N_AMD_R4,mm10,D703,CGCTCATT,D503,AGGATAGG,20180618_aging_ShCh_AM_naive,RNA-seq
AgingChim020,SC10_T6_N_AMD_R5,mm10,D703,CGCTCATT,D504,TCAGAGCC,20180618_aging_ShCh_AM_naive,RNA-seq
AgingChim021,SC11_T18_N_AMR_R1,mm10,D703,CGCTCATT,D505,CTTCGCCT,20180618_aging_ShCh_AM_naive,RNA-seq
AgingChim022,SC12_T18_N_AMR_R2,mm10,D703,CGCTCATT,D506,TAAGATTA,20180618_aging_ShCh_AM_naive,RNA-seq
AgingChim023,SC13_T18_N_AMR_R3,mm10,D703,CGCTCATT,D507,ACGTCCTG,20180618_aging_ShCh_AM_naive,RNA-seq
AgingChim024,SC14_T18_N_AMR_R4,mm10,D703,CGCTCATT,D508,GTCAGTAC,20180618_aging_ShCh_AM_naive,RNA-seq
AgingChim025,SC15_T18_N_AMR_R5,mm10,D704,GAGATTCC,D501,AGGCTATA,20180618_aging_ShCh_AM_naive,RNA-seq
AgingChim026,SC11_T18_N_AMD_R1,mm10,D704,GAGATTCC,D502,GCCTCTAT,20180618_aging_ShCh_AM_naive,RNA-seq
AgingChim027,SC12_T18_N_AMD_R2,mm10,D704,GAGATTCC,D503,AGGATAGG,20180618_aging_ShCh_AM_naive,RNA-seq
AgingChim028,SC13_T18_N_AMD_R3,mm10,D704,GAGATTCC,D504,TCAGAGCC,20180618_aging_ShCh_AM_naive,RNA-seq
AgingChim029,SC14_T18_N_AMD_R4,mm10,D704,GAGATTCC,D505,CTTCGCCT,20180618_aging_ShCh_AM_naive,RNA-seq
AgingChim030,SC15_T18_N_AMD_R5,mm10,D704,GAGATTCC,D506,TAAGATTA,20180618_aging_ShCh_AM_naive,RNA-seq
AgingChim031,SC16_T24_N_AMR_R1,mm10,D704,GAGATTCC,D507,ACGTCCTG,20180618_aging_ShCh_AM_naive,RNA-seq
AgingChim032,SC17_T24_N_AMR_R2,mm10,D704,GAGATTCC,D508,GTCAGTAC,20180618_aging_ShCh_AM_naive,RNA-seq
AgingChim033,SC18_T24_N_AMR_R3,mm10,D705,ATTCAGAA,D501,AGGCTATA,20180618_aging_ShCh_AM_naive,RNA-seq
AgingChim034,SC19_T24_N_AMR_R4,mm10,D705,ATTCAGAA,D502,GCCTCTAT,20180618_aging_ShCh_AM_naive,RNA-seq
AgingChim035,SC16_T24_N_AMD_R1,mm10,D705,ATTCAGAA,D503,AGGATAGG,20180618_aging_ShCh_AM_naive,RNA-seq
AgingChim036,SC17_T24_N_AMD_R2,mm10,D705,ATTCAGAA,D504,TCAGAGCC,20180618_aging_ShCh_AM_naive,RNA-seq
AgingChim037,SC18_T24_N_AMD_R3,mm10,D705,ATTCAGAA,D505,CTTCGCCT,20180618_aging_ShCh_AM_naive,RNA-seq
AgingChim038,SC19_T24_N_AMD_R4,mm10,D705,ATTCAGAA,D506,TAAGATTA,20180618_aging_ShCh_AM_naive,RNA-seq
AgingChim039,umrna1-a,mm10,D705,ATTCAGAA,D507,ACGTCCTG,20180618_aging_ShCh_AM_naive,RNA-seq
AgingChim040,umrna2-a,mm10,D705,ATTCAGAA,D508,GTCAGTAC,20180618_aging_ShCh_AM_naive,RNA-seq
Bsi_000181,Scripps_aged_19treg,mm10,D706,GAATTCGT,D506,TAAGATTA,20180615_ScrippsNaturallyAged_spleen,RNA-seq
Bsi_000182,Scripps_aged_20treg,mm10,D706,GAATTCGT,D507,ACGTCCTG,20180615_ScrippsNaturallyAged_spleen,RNA-seq
Bsi_000183,Scripps_aged_21treg,mm10,D706,GAATTCGT,D508,GTCAGTAC,20180615_ScrippsNaturallyAged_spleen,RNA-seq
Bsi_000184,Scripps_aged_22treg,mm10,D707,CTGAAGCT,D501,AGGCTATA,20180615_ScrippsNaturallyAged_spleen,RNA-seq
Bsi_000185,Scripps_aged_23treg,mm10,D707,CTGAAGCT,D502,GCCTCTAT,20180615_ScrippsNaturallyAged_spleen,RNA-seq
Bsi_000186,umrna1-s,mm10,D709,CGGCTATG,D501,AGGCTATA,20180615_ScrippsNaturallyAged_spleen,RNA-seq
Bsi_000187,umrna2-s,mm10,D709,CGGCTATG,D502,GCCTCTAT,20180615_ScrippsNaturallyAged_spleen,RNA-seq